Metric,Baseline,Refined
MAE,4.3233159236440875,4.427604474433474
RMSE,5.4275428653742415,5.42732968413453
R²,0.8583474108603955,0.8583585382092762
